tipo;nombre;apellido;email;nroTelefono;hitorial/habitacion;alergias/fechaIngreso;obraSocial/diagnostico;cantidadDias;descartables
P;Juan;Carelli;jcarrelli@gmail.com;2644677889;;;;;
O;Carmela;Karpesky;carme66@gmail.com;2644555342;Rinitis - faringitis;ninguna;Obra Social Provincia;;
H;Susana;Pastore;spastore@unsj-cuim.edu.ar;2645789123;15;30/07/2024;Apendicitis;2;180000
P;Andres;Cortinez;ac234@argentina.com.ar;2646877631;;;;;
H;Sergio;Ferinelli;sergioF123@gmail.com;2646896741;13;28/07/2024;Neumonia;5;350000
O;Silvina;Torres;st1966@hotmail.com;2645899332;Gripe H1N1;Penicilina;OSDE;;
O;Candelaria;Flores;cande56@yahoo.com.ar;2646741852;Quebradura hombro derecho;ninguna;DAMSU;;
H;Dario;Cancelo;darioc45@yahoo.com;2644123456;12;27/07/2024;ACV;11;849000