{
    "gestor_personal": [
        {
            "tipo": "trabajador",
            "atributos": {
                "nombre": "JULIETA",
                "apellido": "ROSALES",
                "dni": "422324242",
                "sueldo": 324242.0,
                "numeroid": 93
            }
        },
        {
            "tipo": "persona",
            "atributos": {
                "nombre": "julian",
                "apellido": "jose",
                "dni": "44991308"
            }
        },
        {
            "tipo": "trabajador",
            "atributos": {
                "nombre": "marcos",
                "apellido": "jose",
                "dni": "2342425",
                "sueldo": 400323.0,
                "numeroid": 23
            }
        },
        {
            "tipo": "trabajador",
            "atributos": {
                "nombre": "JULIETA",
                "apellido": "ROSALES",
                "dni": "422324242",
                "sueldo": 324242.0,
                "numeroid": 93
            }
        },
        {
            "tipo": "persona",
            "atributos": {
                "nombre": "diego",
                "apellido": "jose",
                "dni": "44991307"
            }
        }
    ]
}